,n,mean,std
"('asymptomatic', 'Female')",65.0,,
"('asymptomatic', 'Male')",43.0,,
"('symptomatic', 'Female')",77.0,,
"('symptomatic', 'Male')",32.0,,
asymptomatic,,13.86111111111111,2.8790520679502922
symptomatic,,13.26605504587156,3.279120822310802
asymptomatic,,55.083333333333336,12.822384778264505
symptomatic,,53.38532110091743,12.24132970331241
